{
    "max": [
        2014.0, 
        650.0, 
        1.0, 
        200.0, 
        117.0, 
        630.0, 
        325.0, 
        975.0, 
        2018.0, 
        1500.0, 
        107.0, 
        7.0, 
        3789.0, 
        1440.0, 
        1000.0, 
        946.0, 
        4118.0, 
        500.0, 
        1.0, 
        600.0, 
        1.0, 
        15.0, 
        3.0, 
        2200.0, 
        850.0, 
        120.0, 
        3.0, 
        1080.0, 
        1079.6, 
        3.0, 
        30.0, 
        994.0, 
        760.0, 
        2060.0, 
        49.0, 
        6613.0, 
        36.0, 
        1.0, 
        2200.0, 
        49.0, 
        8020.7, 
        40.0, 
        0.0, 
        266.0, 
        67.0, 
        2.0, 
        45.0, 
        300.0, 
        4.0, 
        447.0, 
        6.06, 
        30.0, 
        5777.0, 
        270.0, 
        1550.0, 
        5832.4, 
        5700.0, 
        600.0, 
        2485.0, 
        1800.0, 
        2012.0, 
        1240.0, 
        116.0, 
        4.0, 
        200.0, 
        581.0, 
        400.0, 
        996.0, 
        26.0, 
        687.0, 
        120.0, 
        2005.0, 
        2020.0, 
        120.0, 
        6.0, 
        123.0, 
        3.0, 
        2165.0, 
        40.0, 
        701.0, 
        6825.0, 
        2.0, 
        128.0, 
        77.0, 
        2.0, 
        15.0, 
        0.47, 
        48.0, 
        12.6, 
        6908.0, 
        96.0, 
        2004.0, 
        48.0, 
        1.0, 
        500.0, 
        2007.0, 
        7.0, 
        203.0, 
        1500.0, 
        740.0, 
        100.0, 
        0.0, 
        160.0, 
        4.0, 
        50.0, 
        12.0, 
        127.0, 
        241.36, 
        1112.519, 
        2.048, 
        59.562, 
        2012.0, 
        2001.0, 
        2014.0, 
        20.0, 
        1848.0, 
        20.0, 
        30.0, 
        22.0, 
        1996.0, 
        2012.0, 
        30.0, 
        2300.0, 
        7100.1, 
        837.0, 
        2014.0, 
        965.0, 
        778.0, 
        39.5, 
        2011.0, 
        2003.0, 
        2013.0, 
        2013.0, 
        100.0
    ], 
    "mean": [
        2014.0, 
        48.900537371763555, 
        1.0, 
        57.22132111612373, 
        28.026666666666664, 
        630.0, 
        59.32941176470588, 
        293.2547201776, 
        1920.8349876015677, 
        51.90847585112955, 
        21.571528478573946, 
        2.015873015873016, 
        3789.0, 
        3.5207837392418972, 
        24.408483894809624, 
        57.92494614334461, 
        563.0686801819555, 
        6.197479237909136, 
        1.0, 
        10.479528348035444, 
        1.0, 
        5.428571428571429, 
        2.7142857142857144, 
        321.29134835371815, 
        237.14741448102342, 
        101.2991452991453, 
        3.0, 
        37.175694467207094, 
        125.79223739790021, 
        3.0, 
        30.0, 
        259.2105520273571, 
        760.0, 
        782.8818897637796, 
        42.5390468227473, 
        122.51882328451751, 
        14.004165649662355, 
        1.0, 
        107.73006902491176, 
        49.0, 
        3.238754578754579, 
        11.428571428571429, 
        0.0, 
        119.58407814407815, 
        41.8, 
        2.0, 
        22.564095521477075, 
        116.57142857142857, 
        2.7817458185813706, 
        1.2751580553605764, 
        3.7033070866141737, 
        16.583170254403132, 
        47.574575359624276, 
        118.54183953033268, 
        98.78049078256623, 
        38.95929796662124, 
        176.50438502679322, 
        117.33333333333333, 
        328.8005823362438, 
        603.9047385028314, 
        1917.516129032258, 
        712.5714285714286, 
        34.4, 
        4.0, 
        34.720000000000006, 
        167.69370562921205, 
        266.6666666666667, 
        479.1515595434292, 
        6.515833165151029, 
        212.78233446893202, 
        51.774193548387096, 
        2005.0, 
        1766.6226595147336, 
        40.666666666666664, 
        6.0, 
        123.0, 
        3.0, 
        6.8615720665740545, 
        28.666666666666668, 
        701.0, 
        474.3766975247522, 
        2.0, 
        128.0, 
        77.0, 
        2.0, 
        2.4285714285714284, 
        0.47, 
        6.484610871245721, 
        12.6, 
        194.65298257488547, 
        20.129034103886653, 
        2004.0, 
        4.458738068932566, 
        1.0, 
        65.41322963929576, 
        54.62165514227311, 
        1.776470588235294, 
        149.6, 
        252.60133951610848, 
        508.7358121330724, 
        100.0, 
        0.0, 
        1.000000005745096, 
        4.0, 
        10.501960784313725, 
        12.0, 
        24.462215801262193, 
        58.31250000000056, 
        817.2796933333334, 
        2.048, 
        26.862607766842142, 
        2012.0, 
        206.83464566929135, 
        1010.9669426266446, 
        20.0, 
        130.52325781057053, 
        20.0, 
        30.0, 
        2.000000000000001, 
        1996.0, 
        2012.0, 
        2.1955612903225807, 
        29.972067467912687, 
        1.5883065605781552, 
        14.035246253767156, 
        2014.0, 
        339.87332197840385, 
        55.857744220412634, 
        6.179599560493225, 
        2011.0, 
        1003.5075646023911, 
        888.004625950026, 
        1043.5156262378448, 
        67.0
    ], 
    "min": [
        2014.0, 
        0.0, 
        1.0, 
        0.4, 
        4.8, 
        630.0, 
        3.0, 
        0.0, 
        0.0, 
        0.0, 
        0.0, 
        1.0, 
        3789.0, 
        0.0, 
        4.0, 
        0.0, 
        2.0, 
        1.0, 
        1.0, 
        0.0, 
        1.0, 
        1.0, 
        2.0, 
        0.0, 
        6.0, 
        0.0, 
        3.0, 
        0.0, 
        0.0, 
        3.0, 
        30.0, 
        0.0, 
        760.0, 
        432.0, 
        27.0, 
        0.0, 
        3.0, 
        1.0, 
        0.0, 
        49.0, 
        0.0, 
        0.0, 
        0.0, 
        1.0, 
        13.0, 
        2.0, 
        0.0, 
        4.0, 
        1.0, 
        0.0, 
        1.8, 
        0.0, 
        0.0, 
        2.5, 
        2.0, 
        0.0, 
        1.0, 
        0.0, 
        7.0, 
        0.0, 
        9.0, 
        2.0, 
        14.0, 
        4.0, 
        0.0, 
        0.63, 
        0.0, 
        2.0, 
        2.0, 
        0.0, 
        20.0, 
        2005.0, 
        30.0, 
        10.0, 
        6.0, 
        123.0, 
        3.0, 
        1.0, 
        6.0, 
        701.0, 
        0.0, 
        2.0, 
        128.0, 
        77.0, 
        2.0, 
        0.0, 
        0.47, 
        0.0, 
        12.6, 
        0.0, 
        0.0, 
        2004.0, 
        0.0, 
        1.0, 
        0.5, 
        10.0, 
        1.0, 
        7.0, 
        6.2, 
        0.0, 
        100.0, 
        0.0, 
        1.0, 
        4.0, 
        0.0, 
        12.0, 
        4.0, 
        0.05, 
        14.0, 
        2.048, 
        8.0, 
        2012.0, 
        2.0, 
        0.0, 
        20.0, 
        20.8, 
        20.0, 
        30.0, 
        2.0, 
        1996.0, 
        2012.0, 
        0.0039, 
        0.0, 
        1.0, 
        0.1, 
        2014.0, 
        0.0, 
        0.32, 
        0.28, 
        2011.0, 
        0.0, 
        0.0, 
        2.0, 
        1.0
    ]
}